type,media,height,width,rangeFrom,rangeTo,priceCustomStandard,PriceCustomAt
031,2E,<25,<25,16,249,2.99,$-
031,2E,<25,<25,250,299,3.06,$-
031,2E,<25,<25,300,349,3.12,$-
031,2E,<25,<25,350,399,3.19,$-
031,2E,<25,<25,400,449,3.25,$-
031,2E,<25,<25,450,499,3.33,$-
031,2E,<25,<25,500,549,3.4,$-
031,2E,<25,<25,550,599,3.46,$-
031,2E,<25,>25;<48,16,249,3.43,$-
031,2E,<25,>25;<48,250,399,3.61,$-
031,2E,<25,>25;<48,400,499,3.72,$-
031,2E,<25,>25;<48,500,649,3.91,$-
031,2E,<25,>25;<48,650,699,3.97,$-
031,2E,<25,>25;<48,700,999,4.34,$-
031,2E,<25,>25;<48,1000,1145,4.51,$-
031,2E,<25,>48;<78,16,499,3.86,$-
031,2E,<25,>48;<78,500,649,4.04,$-
031,2E,<25,>48;<78,650,799,4.22,$-
031,2E,<25,>48;<78,800,1099,4.59,$-
031,2E,<25,>48;<78,1100,1299,4.82,$-
031,2E,<25,>48;<78,1300,1499,8.14,$-
031,2E,<25,>48;<78,1500,1699,8.74,$-
031,2E,<25,>48;<78,1700,1899,9.33,$-
031,2E,>25;<34,<78,16,349,4.72,$-
031,2E,>25;<34,<78,350,499,5.17,$-
031,2E,>25;<34,<78,500,649,5.62,$-
031,2E,>25;<34,<78,650,799,6.06,$-
031,2E,>25;<34,<78,800,949,6.51,$-
031,2E,>25;<34,<78,950,1099,6.96,$-
031,2E,>25;<34,<78,1100,1299,7.55,$-
031,2E,>25;<34,<78,1300,1499,8.14,$-
031,2E,>25;<34,<78,1500,1699,8.74,$-
031,2E,>25;<34,<78,1700,1899,9.33,$-
031,2E,>25;<34,<78,1900,2099,9.92,$-
031,2E,>25;<34,<78,2100,2299,10.53,$-
031,2E,>25;<34,<78,2300,2568,11.32,$-
031,2E,>34;<52,<78,1114,1499,10.18,$-
031,2E,>34;<52,<78,1500,1999,12.37,$-
031,2E,>34;<52,<78,2000,2499,14.58,$-
031,2E,>34;<52,<78,2500,2999,16.77,$-
031,2E,>34;<52,<78,3000,3599,19.4,$-
031,2E,>34;<52,<78,3600,3959,20.98,$-
050,3,<25,<25,16,249,3.84,3.99
050,3,<25,<25,250,299,3.92,4.08
050,3,<25,<25,300,349,4.01,4.17
050,3,<25,<25,350,399,4.09,4.25
050,3,<25,<25,400,449,4.18,4.35
050,3,<25,<25,450,499,4.26,4.43
050,3,<25,<25,500,549,4.35,4.52
050,3,<25,<25,550,599,4.44,4.62
050,3,<25,>25;<48,16,249,4.4,4.58
050,3,<25,>25;<48,250,399,4.62,4.80
050,3,<25,>25;<48,400,499,4.78,4.97
050,3,<25,>25;<48,500,649,5.01,5.21
050,3,<25,>25;<48,650,699,5.09,5.29
050,3,<25,>25;<48,700,999,5.56,5.78
050,3,<25,>25;<48,1000,1145,5.78,6.01
050,3,<25,>48;<78,16,499,4.95,5.15
050,3,<25,>48;<78,500,649,5.18,5.39
050,3,<25,>48;<78,650,799,5.42,5.64
050,3,<25,>48;<78,800,1099,5.88,6.12
050,3,<25,>48;<78,1100,1299,6.19,6.44
050,3,<25,>48;<78,1300,1499,10.44,10.86
050,3,<25,>48;<78,1500,1699,11.21,11.66
050,3,<25,>48;<78,1700,1899,11.96,12.44
050,3,>25;<34,<78,16,349,6.06,6.30
050,3,>25;<34,<78,350,499,6.63,6.90
050,3,>25;<34,<78,500,649,7.2,7.49
050,3,>25;<34,<78,650,799,7.77,8.08
050,3,>25;<34,<78,800,949,8.34,8.67
050,3,>25;<34,<78,950,1099,8.91,9.27
050,3,>25;<34,<78,1100,1299,9.68,10.07
050,3,>25;<34,<78,1300,1499,10.44,10.86
050,3,>25;<34,<78,1500,1699,11.21,11.66
050,3,>25;<34,<78,1700,1899,11.96,12.44
050,3,>25;<34,<78,1900,2099,12.73,13.24
050,3,>25;<34,<78,2100,2299,13.49,14.03
050,3,>25;<34,<78,2300,2568,14.51,15.09
050,3,>34;<52,<78,500,1113,13.06,13.58
050,3,>34;<52,<78,1114,1499,13.06,13.58
050,3,>34;<52,<78,1500,1999,15.87,16.50
050,3,>34;<52,<78,2000,2499,18.69,19.44
050,3,>34;<52,<78,2500,2999,21.5,22.36
050,3,>34;<52,<78,3000,3599,24.88,25.88
050,3,>34;<52,<78,3600,3959,26.91,27.99
054,2,<25,<25,16,249,3.52,3.66
054,2,<25,<25,250,299,3.6,3.74
054,2,<25,<25,300,349,3.67,3.82
054,2,<25,<25,350,399,3.75,3.90
054,2,<25,<25,400,449,3.84,3.99
054,2,<25,<25,450,499,3.92,4.08
054,2,<25,<25,500,549,3.99,4.15
054,2,<25,<25,550,599,4.07,4.23
054,2,<25,>25;<48,16,249,4.03,4.19
054,2,<25,>25;<48,250,399,4.24,4.41
054,2,<25,>25;<48,400,499,4.39,4.57
054,2,<25,>25;<48,500,649,4.6,4.78
054,2,<25,>25;<48,650,699,4.67,4.86
054,2,<25,>25;<48,700,999,5.1,5.30
054,2,<25,>25;<48,1000,1145,5.3,5.51
054,2,<25,>48;<78,16,499,4.54,4.72
054,2,<25,>48;<78,500,649,4.75,4.94
054,2,<25,>48;<78,650,799,4.97,5.17
054,2,<25,>48;<78,800,1099,5.4,5.62
054,2,<25,>48;<78,1100,1299,5.68,5.91
054,2,<25,>48;<78,1300,1499,9.58,9.96
054,2,<25,>48;<78,1500,1699,10.28,10.69
054,2,<25,>48;<78,1700,1899,10.99,11.43
054,2,>25;<34,<78,16,349,5.56,5.78
054,2,>25;<34,<78,350,499,6.08,6.32
054,2,>25;<34,<78,500,649,6.61,6.87
054,2,>25;<34,<78,650,799,7.13,7.42
054,2,>25;<34,<78,800,949,7.66,7.97
054,2,>25;<34,<78,950,1099,8.18,8.51
054,2,>25;<34,<78,1100,1299,8.88,9.24
054,2,>25;<34,<78,1300,1499,9.58,9.96
054,2,>25;<34,<78,1500,1699,10.28,10.69
054,2,>25;<34,<78,1700,1899,10.99,11.43
054,2,>25;<34,<78,1900,2099,11.68,12.15
054,2,>25;<34,<78,2100,2299,12.38,12.88
054,2,>25;<34,<78,2300,2568,13.32,13.85
054,2,>34;<52,<78,500,1113,11.97,12.45
054,2,>34;<52,<78,1114,1499,11.97,12.45
054,2,>34;<52,<78,1500,1999,14.56,15.14
054,2,>34;<52,<78,2000,2499,17.15,17.84
054,2,>34;<52,<78,2500,2999,19.73,20.52
054,2,>34;<52,<78,3000,3599,22.83,23.74
054,2,>34;<52,<78,3600,3959,24.68,25.67
056,4,<25,<25,16,249,4.31,4.48
056,4,<25,<25,250,299,4.42,4.60
056,4,<25,<25,300,349,4.51,4.69
056,4,<25,<25,350,399,4.6,4.78
056,4,<25,<25,400,449,4.7,4.89
056,4,<25,<25,450,499,4.79,4.98
056,4,<25,<25,500,549,4.9,5.10
056,4,<25,<25,550,599,4.99,5.19
056,4,<25,>25;<48,16,249,4.94,5.14
056,4,<25,>25;<48,250,399,5.2,5.41
056,4,<25,>25;<48,400,499,5.38,5.60
056,4,<25,>25;<48,500,649,5.64,5.87
056,4,<25,>25;<48,650,699,5.72,5.95
056,4,<25,>25;<48,700,999,6.25,6.50
056,4,<25,>25;<48,1000,1145,6.51,6.77
056,4,<25,>48;<78,16,499,5.57,5.79
056,4,<25,>48;<78,500,649,5.82,6.05
056,4,<25,>48;<78,650,799,6.09,6.33
056,4,<25,>48;<78,800,1099,6.62,6.88
056,4,<25,>48;<78,1100,1299,6.97,7.25
056,4,<25,>48;<78,1300,1499,11.75,12.22
056,4,<25,>48;<78,1500,1699,12.61,13.11
056,4,<25,>48;<78,1700,1899,13.46,14.00
056,4,>25;<34,<78,16,349,6.81,7.08
056,4,>25;<34,<78,350,499,7.46,7.76
056,4,>25;<34,<78,500,649,8.1,8.42
056,4,>25;<34,<78,650,799,8.75,9.10
056,4,>25;<34,<78,800,949,9.39,9.77
056,4,>25;<34,<78,950,1099,10.04,10.44
056,4,>25;<34,<78,1100,1299,10.89,11.33
056,4,>25;<34,<78,1300,1499,11.75,12.22
056,4,>25;<34,<78,1500,1699,12.61,13.11
056,4,>25;<34,<78,1700,1899,13.46,14.00
056,4,>25;<34,<78,1900,2099,14.32,14.89
056,4,>25;<34,<78,2100,2299,15.18,15.79
056,4,>25;<34,<78,2300,2568,16.33,16.98
056,4,>34;<52,<78,500,1113,14.69,15.28
056,4,>34;<52,<78,1114,1499,14.69,15.28
056,4,>34;<52,<78,1500,1999,17.85,18.56
056,4,>34;<52,<78,2000,2499,21.02,21.86
056,4,>34;<52,<78,2500,2999,24.19,25.16
056,4,>34;<52,<78,3000,3599,27.99,29.11
056,4,>34;<52,<78,3600,3959,30.27,31.48
